Changes made at Sat Aug  9 05:58:18 UTC 2025
Changes made at Thu Nov 20 13:44:46 UTC 2025
Changes made at Thu Nov 20 14:18:40 UTC 2025
Changes made at Thu Nov 20 16:24:37 UTC 2025
Changes made at Fri Nov 21 08:26:19 UTC 2025
Changes made at Fri Nov 21 10:19:30 UTC 2025
Changes made at Fri Nov 21 14:17:55 UTC 2025
Changes made at Fri Nov 21 16:23:33 UTC 2025
Changes made at Sat Nov 22 08:22:14 UTC 2025
Changes made at Sat Nov 22 10:17:48 UTC 2025
Changes made at Sat Nov 22 14:15:15 UTC 2025
Changes made at Sat Nov 22 16:20:49 UTC 2025
Changes made at Sun Nov 23 08:22:23 UTC 2025
Changes made at Sun Nov 23 10:17:36 UTC 2025
Changes made at Sun Nov 23 14:15:26 UTC 2025
Changes made at Sun Nov 23 16:20:43 UTC 2025
Changes made at Mon Nov 24 08:27:08 UTC 2025
Changes made at Mon Nov 24 10:21:36 UTC 2025
Changes made at Mon Nov 24 14:19:03 UTC 2025
Changes made at Mon Nov 24 16:21:33 UTC 2025
Changes made at Tue Nov 25 08:26:40 UTC 2025
Changes made at Tue Nov 25 10:22:04 UTC 2025
